Domain,Capability,Priority,Present,MaturityScore,ProductionStatus,RelevantScreen,RelevantFile,APIOrDataSource,PermissionEvidence,AuditEvidence,TestEvidence,IntegrationEvidence,Screenshot,Gap,Risk,RecommendedNextTask
A,Referral intake form,Critical,Yes,2,Demo,ReferralTracker,ReferralTracker.tsx,mockReferrals.ts,full for business_development,In-memory only,None,None,screenshots/login.jpg,No persistence,Medium,Persist referral records to database
A,Referral source tracking,High,Yes,2,Demo,ReferralTracker,ReferralTracker.tsx,mockReferrals.ts,full for business_development,In-memory only,None,None,,Referral source data is mock,Medium,Add referral source database schema
A,Referral status lifecycle (New/Contacted/Screened/Admitted/Declined),High,Yes,2,Demo,ReferralTracker,ReferralTracker.tsx,mockReferrals.ts,full for business_development,In-memory only,None,None,,Status changes not persisted,Medium,Implement referral state machine with persistence
A,Referral conversion rate analytics,Medium,Yes,2,Demo,BusinessDevelopment,BusinessDevelopment.tsx,Page-local mock data,full for business_development,In-memory only,None,None,,All analytics mock,Medium,Connect analytics to real referral data
A,Duplicate referral detection,Medium,No,0,Missing,ReferralTracker,,None,,,None,None,,Missing feature,High,Implement duplicate detection at referral entry
A,Marketing campaign attribution,Low,Yes,1,Demo,BusinessDevelopment,BusinessDevelopment.tsx,Page-local mock,full for business_development,In-memory only,None,None,,No real attribution tracking,Low,Add UTM / campaign tracking to referral source
A,Insurance eligibility at pre-screen,Critical,Yes (UI),1,Demo,Admissions,Admissions.tsx,None (no API),full for admin_staff,None,None,None,,No real VOB API,Critical,Integrate real-time eligibility (270/271) via clearinghouse
A,Level-of-care pre-screening,High,Yes,2,Demo,Admissions,Admissions.tsx,Page-local mock,full for admin_staff,In-memory only,None,None,,Screening not persisted,High,Connect pre-screening to ASAM recommendation engine
A,Waitlist management,High,Yes,2,Demo,WaitlistManager,WaitlistManager.tsx,Page-local mock,full for admin_staff,In-memory only,None,None,,No persistence,Medium,Persist waitlist to database with priority queue
A,Waitlist prioritization rules,Medium,Yes,1,Demo,WaitlistManager,WaitlistManager.tsx,Page-local mock,full for admin_staff,None,None,None,,Prioritization rules are UI-only,Medium,Implement configurable priority rules engine
A,Automatic waitlist outreach,Low,No,0,Missing,WaitlistManager,,None,,,None,None,,Feature absent,Low,Implement automated SMS/email outreach from waitlist
A,Bed availability check from referral,High,Yes,1,Demo,Admissions,Admissions.tsx,Page-local bed data,full for admin_staff,None,None,None,,No real bed system connection,High,Link referral intake to real-time bed availability
A,Admission agreement and consent collection,High,Yes,2,Demo,ClinicalForms,ClinicalForms.tsx,Page-local form data,full for clinical_supervisor,In-memory only,None,None,,Consent not persisted,Critical,Persist signed consent records with wet-signature capture
A,Financial responsibility agreement,High,Yes,1,Demo,FinancialCounseling,FinancialCounseling.tsx,Page-local mock,full for billing_staff,In-memory only,None,None,,No persistence,High,Persist financial agreements with signature capture
A,Admissions coordinator dashboard,Medium,Yes,2,Demo,Admissions,Admissions.tsx,mockReferrals.ts,full for admin_staff,In-memory only,None,None,,No persistence,Medium,Build admissions queue with real-time status
A,Geographic market analytics,Low,Yes,1,Demo,BusinessDevelopment,BusinessDevelopment.tsx,Page-local mock,full for business_development,None,None,None,,Mock data,Low,Connect to real referral geographic data
A,Referral response time tracking,Medium,No,0,Missing,ReferralTracker,,None,,,None,None,,Feature missing,Medium,Add SLA-based referral response time tracking
A,Competitor bed-board integration,Low,No,0,Missing,,,None,,,None,None,,Not applicable for demo,Low,Not applicable for MVP
A,Photo ID and insurance card capture,High,No,0,Missing,Admissions,,None,,,None,None,,Document capture absent,High,Add document capture at intake
A,Discharge destination tracking,Medium,Yes,1,Demo,Discharges,Discharges.tsx,mockPatients.ts,full for clinical_supervisor,In-memory only,None,None,,Not linked to aftercare,Medium,Link discharge destination to aftercare planning record
B,Patient demographics collection,Critical,Yes,2,Demo,Admissions,Admissions.tsx,Page-local,full for admin_staff,In-memory only,None,None,,Not persisted,Critical,Persist patient demographics to database
B,MRN assignment,Critical,Yes,1,Demo,PatientList,mockPatients.ts,mockPatients.ts,full for admin_staff,None,None,None,,MRN is mock (p1-p26 etc),Critical,Implement auto-incrementing MRN generation with check-digit
B,Patient photo capture,Medium,No,0,Missing,Admissions,,None,,,None,None,,Feature absent,Low,Add webcam/upload photo capture at registration
B,Emergency contact collection,High,Yes,1,Demo,Admissions,Admissions.tsx,Page-local,full for admin_staff,In-memory only,None,None,,Not persisted,High,Add emergency contact to patient model
B,Guarantor information,High,No,0,Missing,Admissions,,None,,,None,None,,Feature absent,High,Add guarantor to patient and financial models
B,Insurance policy collection (primary/secondary),Critical,Yes,1,Demo,Admissions,Admissions.tsx,Page-local,full for admin_staff,In-memory only,None,None,,Not persisted; no payer lookup,Critical,Persist insurance records; integrate payer directory
B,Benefits verification (VOB),Critical,Yes (UI),1,Demo,Admissions,Admissions.tsx,None,full for admin_staff,None,None,None,,No real eligibility API,Critical,Integrate real-time eligibility API
B,Authorization prior to admission,Critical,Yes (UI),1,Demo,InsuranceAuthorization,InsuranceAuthorization.tsx,Page-local,full for billing_staff,In-memory only,None,None,,No payer submission,Critical,Build real authorization request workflow with payer API
B,Release of information forms,High,Yes,2,Demo,MedicalRecords,MedicalRecords.tsx,Page-local ROI data,full for admin_staff,In-memory only,None,None,,ROI not persisted,High,Persist ROI records with consent tracking
B,42 CFR Part 2 patient notice,Critical,Yes,2,Demo,MedicalRecords,MedicalRecords.tsx,Page-local,full for admin_staff,In-memory only,None,None,,Notice not automatically attached to records,Critical,Automate Part 2 notice attachment on SUD record access
B,Patient rights notice,High,Yes,1,Demo,ClinicalForms,ClinicalForms.tsx,Page-local,full for clinical_supervisor,In-memory only,None,None,,Not persisted,High,Persist patient rights acknowledgment
B,HIPAA notice of privacy practices,Critical,Yes,1,Demo,ClinicalForms,ClinicalForms.tsx,Page-local,full for clinical_supervisor,In-memory only,None,None,,Not persisted,Critical,Persist signed NPP with date and version
B,Advance directive collection,Medium,No,0,Missing,Admissions,,None,,,None,None,,Feature absent,Medium,Add advance directive collection and storage
B,Primary care provider attribution,Medium,Yes,1,Demo,Admissions,Admissions.tsx,Page-local,full for admin_staff,In-memory only,None,None,,Not persisted,Medium,Add PCP to patient model with NPI lookup
B,Pharmacy preference collection,Medium,No,0,Missing,Admissions,,None,,,None,None,,Feature absent,Medium,Add preferred pharmacy field at intake
B,Consent to treat collection,Critical,Yes,1,Demo,ClinicalForms,ClinicalForms.tsx,Page-local,full for clinical_supervisor,In-memory only,None,None,,Consent signature not persisted,Critical,Persist consent with wet signature and timestamp
B,Language and interpreter needs,Medium,No,0,Missing,Admissions,,None,,,None,None,,Feature absent,Medium,Add language preference and interpreter flag to demographics
B,Race and ethnicity collection (USCDI),Medium,Yes,1,Demo,Admissions,Admissions.tsx,Page-local,full for admin_staff,In-memory only,None,None,,Not persisted; USCDI compliance not verified,Medium,Add USCDI-compliant race/ethnicity fields
B,Gender identity and sexual orientation (USCDI),Medium,No,0,Missing,Admissions,,None,,,None,None,,Feature absent,Medium,Add SOGI fields per USCDI requirements
C,Real-time bed board,Critical,Yes,2,Demo,CensusBedBoard,CensusBedBoard.tsx,mockPatients.ts,full for director_of_operations,In-memory only,None,None,,All mock data,High,Build real-time bed board with database-backed occupancy
C,Bed type configuration,High,Yes,1,Demo,BedManagement,BedManagement.tsx,Page-local,full for director_of_operations,In-memory only,None,None,,Not persisted,High,Persist bed configuration to tenant settings
C,Patient-to-bed assignment,Critical,Yes,2,Demo,BedManagement,BedManagement.tsx,mockPatients.ts,full for admin_staff,In-memory only,None,None,,Not persisted,Critical,Implement durable bed assignment with conflict detection
C,Out-of-service bed tracking,High,Yes,1,Demo,BedManagement,BedManagement.tsx,Page-local,full for director_of_operations,In-memory only,None,None,,Not persisted,Medium,Add maintenance and out-of-service bed lifecycle
C,Census report generation,High,Yes,2,Demo,CensusBedBoard,CensusBedBoard.tsx,mockPatients.ts,full for director_of_operations,In-memory only,None,None,,Census data is mock,High,Generate census report from real admission/discharge data
C,Average length of stay calculation,High,Yes,1,Demo,Dashboard,Dashboard.tsx,mockPatients.ts,full for ownership,None,None,None,,LOS calculated from mock admit dates,High,Compute ALOS from real admission/discharge timestamps
C,Occupancy rate tracking,High,Yes,1,Demo,Dashboard,Dashboard.tsx,mockPatients.ts,full for director_of_operations,None,None,None,,Occupancy from mock data,High,Compute occupancy from real bed assignments
C,Pending admit queue management,High,Yes,2,Demo,CensusBedBoard,CensusBedBoard.tsx,Page-local,full for admin_staff,In-memory only,None,None,,Not persisted,High,Persist pending admit queue with ETA tracking
C,Pending discharge queue,High,Yes,2,Demo,CensusBedBoard,CensusBedBoard.tsx,mockPatients.ts,full for admin_staff,In-memory only,None,None,,Not persisted,High,Persist pending discharge queue with target date
C,Discharge undo window,Medium,Yes,2,Demo,Discharges,Discharges.tsx,Page-local,full for clinical_supervisor,In-memory only,None,None,,Not persisted across sessions,Medium,Persist undo window state across sessions (task #230)
C,Transfer management,High,Yes,1,Demo,CensusBedBoard,CensusBedBoard.tsx,Page-local,full for director_of_operations,In-memory only,None,None,,No real transfer workflow,High,Implement level-of-care transfer with documentation chain
C,Level-of-care change workflow,High,Yes,2,Demo,Admissions,Admissions.tsx,Page-local,full for clinical_supervisor,In-memory only,None,None,,Not persisted,High,Implement LOC change with medical necessity justification
C,Facility-level dashboards,High,Yes,2,Demo,Dashboard,Dashboard.tsx,mockPatients.ts,full for director_of_operations,None,None,None,,All mock data,High,Build real facility metrics from live census data
C,Multi-facility view,Low,No,0,Missing,Dashboard,,None,,,None,None,,Single facility only,High,Implement multi-facility tenant model
C,Bed hold management,Medium,No,0,Missing,BedManagement,,None,,,None,None,,Feature absent,Medium,Add bed hold workflow with authorization tracking
C,Waitlist-to-bed assignment automation,Low,No,0,Missing,,,None,,,None,None,,Feature absent,Low,Add rules-based waitlist-to-bed matching
D,Progress note creation (BIRP),Critical,Yes,3.5,Demo/Partial,ProgressNotes,ProgressNotes.tsx,"mockPatients.ts, aiNoteEngine.ts",full for certified_clinician,In-memory only (aiAuditLog),Unit tests (96),None,screenshots/login.jpg,No persistence,Critical,Add note persistence to database
D,Progress note creation (DAP),Critical,Yes,3.5,Demo/Partial,ProgressNotes,ProgressNotes.tsx,"mockPatients.ts, aiNoteEngine.ts",full for certified_clinician,In-memory only,Unit tests (96),None,,No persistence,Critical,Add note persistence to database
D,Progress note creation (SOAP),High,Yes,3.5,Demo/Partial,ProgressNotes,ProgressNotes.tsx,"mockPatients.ts, aiNoteEngine.ts",full for certified_clinician,In-memory only,Unit tests (96),None,,No persistence,Critical,Add note persistence to database
D,Progress note creation (GIRP),High,Yes,3.5,Demo/Partial,ProgressNotes,ProgressNotes.tsx,"mockPatients.ts, aiNoteEngine.ts",full for certified_clinician,In-memory only,Unit tests (96),None,,No persistence,Critical,Add note persistence to database
D,DAP note dedicated workflow,High,Yes,2.5,Demo,DAPNoteWorkflow,DAPNoteWorkflow.tsx,mockPatients.ts,full for certified_clinician,In-memory only,None,None,,May duplicate ProgressNotes BIRP/DAP,Medium,Consolidate or clearly differentiate DAPNoteWorkflow vs ProgressNotes
D,Clinician electronic signature on notes,Critical,Yes,2.5,Demo/Partial,ProgressNotes,"ProgressNotes.tsx, SignatureModal.tsx, WetSignatureCanvas.tsx",None,full for certified_clinician,In-memory only,None,None,,No backend signature storage,Critical,Persist signatures with timestamp and signer identity
D,Co-signature workflow for supervised clinicians,Critical,Yes,2,Demo,CosignQueue,CosignQueue.tsx,mockPatients.ts,full for clinical_supervisor,In-memory only,None,None,,Co-sign queue not backed by real note submission,Critical,Enforce co-sign requirement at note submission via backend
D,Note locking after signature,Critical,Yes,2,Demo/Partial,ProgressNotes,ProgressNotes.tsx,Page-local,full for clinical_supervisor,In-memory only,None,None,,Note lock is UI-only; no backend immutability,Critical,Implement immutable note versioning with backend lock on sign
D,Addendum workflow,High,No,0,Missing,ProgressNotes,,None,,,None,None,,Feature absent,High,Add addendum to signed notes with original preserved
D,Note version history,High,No,0,Missing,ProgressNotes,,None,,,None,None,,Feature absent,High,Implement note version chain in database
D,Note search and filtering,High,Yes,1.5,Demo,PatientDetail,PatientDetail.tsx,mockPatients.ts,full for certified_clinician,None,None,None,,Search is client-side on mock data,High,Add indexed note search with date/type/author filters
D,Progress note template library,High,Yes,2.5,Demo,ProgressNotes,"ProgressNotes.tsx, aiNoteEngine.ts",Page-local templates,full for certified_clinician,None,None,None,,Templates are hardcoded in aiNoteEngine,Medium,Build configurable template library with tenant customization
D,Group therapy notes with individual member participation,High,Yes,2.5,Demo,GroupNotes,GroupNotes.tsx,mockGroups.ts,full for certified_clinician,In-memory only,None,None,,Not persisted,High,Persist group notes with per-member participation
D,Biopsychosocial assessment,High,Yes,2.5,Demo,BiopsychosocialAssessment,BiopsychosocialAssessment.tsx,Page-local,full for clinical_supervisor,In-memory only,None,None,,Not persisted,High,Persist BPS assessment with signature
D,Crisis safety assessment,Critical,Yes,2.5,Demo,CrisisAssessment,CrisisAssessment.tsx,mockPatients.ts,full for clinical_supervisor,In-memory only,None,None,,Not persisted,Critical,Persist crisis assessment with escalation routing
D,Discharge summary authoring,High,Yes,2.5,Demo,DischargeSummary,DischargeSummary.tsx,mockPatients.ts,full for clinical_supervisor,In-memory only,None,None,,Not persisted,High,Persist discharge summary with signature chain
D,Treatment plan creation,Critical,Yes,2.5,Demo,TreatmentPlans,TreatmentPlans.tsx,mockPatients.ts,full for clinical_supervisor,In-memory only,None,None,,Not persisted,Critical,Persist treatment plans with goal/objective structure
D,Treatment plan review and update cycle,High,Yes,2,Demo,TreatmentPlans,TreatmentPlans.tsx,mockPatients.ts,full for clinical_supervisor,In-memory only,None,None,,Review cycle not tracked,High,Implement review due-date tracking and reminder workflow
D,Treatment plan patient signature,High,Yes,2,Demo,TreatmentPlans,TreatmentPlans.tsx,Page-local,full for clinical_supervisor,In-memory only,None,None,,Patient signature not persisted,High,Add patient signature capture to treatment plan finalization
D,ASAM multidimensional assessment,Critical,Yes,2.5,Demo,ASAMAssessments,ASAMAssessments.tsx,Page-local,full for clinical_supervisor,In-memory only,None,None,,Not persisted,Critical,Persist ASAM assessments with automatic LOC recommendation
D,ASAM level-of-care recommendation,High,Yes,1.5,Demo,ASAMAssessments,ASAMAssessments.tsx,Page-local,full for clinical_supervisor,None,None,None,,LOC recommendation is UI-only,High,Implement ASAM criteria-based LOC recommendation engine
D,Measurement-based care instruments (PHQ-9/GAD-7/AUDIT/DAST),High,Yes,2,Demo,MeasurementBasedCare,MeasurementBasedCare.tsx,Page-local,full for certified_clinician,In-memory only,None,None,,No license; not persisted,High,Add validated instrument scoring with persistence and trend tracking
D,Nursing note workflow,High,No,0,Missing,,,None,,,None,None,,Feature absent — nursing documents in MAR only,High,Create dedicated nursing note type with separate permissions
D,Physician note workflow,High,No,0,Missing,PhysicianOrders,,None,,,None,None,,Physician notes not separate from orders,High,Add physician note/H&P template with CPOE linkage
D,Note completion tracking and alerts,High,Yes,2,Demo,MyCaseload,MyCaseload.tsx,mockPatients.ts,full for certified_clinician,In-memory only,None,None,,No backend overdue tracking,High,Track note due dates by encounter type with escalation alerts
D,Clinical note export (PDF),High,Yes,1,Demo,ProgressNotes,ProgressNotes.tsx,None,full for certified_clinician,None,None,None,,No real PDF generation,High,Implement server-side PDF generation for signed notes
D,Chart audit documentation,High,Yes,2,Demo,ChartAuditTool,ChartAuditTool.tsx,mockPatients.ts,full for clinical_supervisor,In-memory only,None,None,,Not persisted,Medium,Persist chart audit findings with corrective action tracking
E,Medication Administration Record (MAR),Critical,Yes,2,Demo,NursingMAR,NursingMAR.tsx,mockMedications.ts,full for nursing,In-memory only,None,None,,No persistence; no duplicate-dose prevention,Critical,Build durable MAR with backend administration record and safety checks
E,eMAR — five rights verification,Critical,No,0,Missing,NursingMAR,,None,,,None,None,,No barcode or verification workflow,Critical,Implement 5-rights verification (patient/drug/dose/route/time) at administration
E,Physician order entry (CPOE),Critical,Yes,2,Demo,PhysicianOrders,PhysicianOrders.tsx,"mockPatients.ts, mockMedications.ts",full for prescriber,In-memory only,None,None,,No real order routing,Critical,Build CPOE with backend order persistence and routing
E,Order entry — labs and imaging,High,Yes,2,Demo,OrderEntry,OrderEntry.tsx,mockLabs.ts,full for prescriber,In-memory only,None,None,,No real lab routing,High,Implement electronic lab and imaging order submission
E,E-prescribing (NCPDP SCRIPT),Critical,No,0,Missing,PhysicianOrders,,None,,,None,None,,E-prescribing absent,Critical,Integrate Surescripts or DrFirst for e-prescribing
E,Controlled substance e-prescribing (EPCS),Critical,No,0,Missing,PhysicianOrders,,None,,,None,None,,EPCS absent,Critical,Implement EPCS with DEA-compliant identity verification
E,PDMP query at prescribing,Critical,No,0,Missing,PhysicianOrders,,None,,,None,None,,No PDMP integration,Critical,Integrate state PDMP (Bamboo Health / NarxCare)
E,Drug interaction checking,Critical,No,0,Missing,PhysicianOrders,,None,,,None,None,,No drug database integration,Critical,Integrate drug interaction database (FDB or Multum)
E,Allergy checking at order entry,Critical,No,0,Missing,PhysicianOrders,,None,,,None,None,,No allergy checking,Critical,Implement allergy-drug interaction check at CPOE
E,Medication reconciliation at admission,High,Yes,1,Demo,NursingMAR,NursingMAR.tsx,mockMedications.ts,full for nursing,In-memory only,None,None,,No reconciliation workflow,High,Add medication reconciliation queue at admission
E,Medication reconciliation at discharge,High,No,0,Missing,NursingMAR,,None,,,None,None,,Discharge reconciliation absent,High,Add discharge medication reconciliation with patient counseling documentation
E,MAT program management (buprenorphine/methadone/naltrexone),Critical,Yes,2,Demo,MATManagement,MATManagement.tsx,mockPatients.ts,full for prescriber,In-memory only,None,None,,No pharmacy integration; no persistence,Critical,Build MAT workflow with pharmacy integration and dosing schedule persistence
E,Methadone dosing and take-home tracking,Critical,No,0,Missing,MATManagement,,None,,,None,None,,Take-home tracking absent,Critical,Implement take-home policy, missed dose, and diversion tracking
E,CIWA-Ar withdrawal assessment,Critical,Yes,2.5,Demo,WithdrawalMonitor,WithdrawalMonitor.tsx,mockPatients.ts,full for nursing,In-memory only,None,None,,Scores not persisted,Critical,Persist CIWA-Ar scores with trend tracking and escalation routing
E,COWS withdrawal assessment,Critical,Yes,2.5,Demo,WithdrawalMonitor,WithdrawalMonitor.tsx,mockPatients.ts,full for nursing,In-memory only,None,None,,Scores not persisted,Critical,Persist COWS scores with escalation routing
E,Withdrawal score trending and alert thresholds,High,Yes,2,Demo,WithdrawalMonitor,WithdrawalMonitor.tsx,mockPatients.ts,full for nursing,In-memory only,None,None,,No real alert delivery,High,Implement threshold-based escalation with real notification delivery
E,Vital signs documentation and trending,High,Yes,1.5,Demo,NursingMAR,NursingMAR.tsx,mockVitals.ts,full for nursing,In-memory only,None,None,,Vitals not persisted,High,Persist vital signs with trend calculation and critical value alerts
E,PRN medication administration documentation,High,Yes,2,Demo,NursingMAR,NursingMAR.tsx,mockMedications.ts,full for nursing,In-memory only,None,None,,Not persisted,High,Persist PRN events with effectiveness documentation
E,Medication waste documentation,High,No,0,Missing,NursingMAR,,None,,,None,None,,Feature absent,High,Add controlled substance waste documentation with dual-signature
E,Formulary management,High,Yes,2,Demo,FormularyManagement,FormularyManagement.tsx,mockMedications.ts,full for prescriber,In-memory only,None,None,,Formulary not persisted,High,Persist formulary with approval workflow and version history
E,Drug formulary tier configuration,Medium,Yes,1,Demo,FormularyManagement,FormularyManagement.tsx,Page-local,full for prescriber,None,None,None,,Tiers are UI-only,Medium,Add formulary tier configuration with approval rules
E,UA drug testing chain of custody,High,Yes,2.5,Demo/Partial,UADrugTesting,UADrugTesting.tsx,localStorage,full for nursing,localStorage,None,None,,No lab integration; localStorage only,High,Integrate electronic chain of custody with lab interface
E,UA drug testing results interface,High,Yes,1,Demo,UADrugTesting,UADrugTesting.tsx,Page-local,full for nursing,None,None,None,,No real lab results,High,Integrate HL7 lab result interface for UA results
E,Toxicology interpretation alerts,Medium,No,0,Missing,UADrugTesting,,None,,,None,None,,Feature absent,Medium,Add clinical decision support for unexpected toxicology results
E,Pain management assessment,High,No,0,Missing,,,None,,,None,None,,Feature absent,High,Add validated pain scale (NRS/FLACC) to nursing workflow
F,Individual appointment scheduling,Critical,Yes,1.5,Demo,AppointmentCalendar,AppointmentCalendar.tsx,Page-local,full for admin_staff,In-memory only,None,None,,No booking engine,Critical,Implement appointment booking with availability and conflict detection
F,Group therapy scheduling,Critical,Yes,1.5,Demo,GroupSchedule,GroupSchedule.tsx,mockGroups.ts,full for admin_staff,In-memory only,None,None,,No real scheduling backend,High,Persist group schedule with capacity and waitlist
F,Recurring appointment creation,High,No,0,Missing,AppointmentCalendar,,None,,,None,None,,Feature absent,High,Add recurring appointment series creation
F,Scheduling conflict detection,High,Yes,1,Demo,StaffScheduling,StaffScheduling.tsx,Page-local,full for director_of_operations,In-memory only,None,None,,No real conflict resolution,High,Implement server-side conflict detection across patients and staff
F,Patient appointment reminders (SMS/email),High,No,0,Missing,,,None,,,None,None,,Feature absent,High,Integrate Twilio/Sendgrid for appointment reminders
F,Appointment status tracking (Scheduled/Confirmed/No-Show/Cancelled),High,Yes,1.5,Demo,AppointmentCalendar,AppointmentCalendar.tsx,Page-local,full for admin_staff,In-memory only,None,None,,Status not persisted,High,Persist appointment status with audit trail
F,No-show and cancellation tracking,High,Yes,1,Demo,AppointmentCalendar,AppointmentCalendar.tsx,Page-local,full for admin_staff,In-memory only,None,None,,Not persisted,High,Track no-shows for billing and outcome analysis
F,Telehealth session management,Critical,Yes,1,Demo,TelehealthConsults,TelehealthConsults.tsx,Page-local,full for certified_clinician,None,None,None,,Placeholder only; no video platform,Critical,Integrate HIPAA-compliant video (Doxy.me or Zoom for Healthcare)
F,Telehealth consent and documentation,Critical,No,0,Missing,TelehealthConsults,,None,,,None,None,,Feature absent,Critical,Add telehealth consent and session documentation linkage
F,Telehealth billing code linkage (CPT 99213/90837 etc),High,No,0,Missing,TelehealthConsults,,None,,,None,None,,Feature absent,High,Link telehealth encounters to CPT codes for billing
F,Family therapy session scheduling,Medium,Yes,1,Demo,FamilyEngagement,FamilyEngagement.tsx,mockPatients.ts,full for certified_clinician,In-memory only,None,None,,Not persisted,Medium,Add family session scheduling integrated with calendar
F,Group therapy curriculum management,High,Yes,2,Demo,GroupTherapyCurriculum,GroupTherapyCurriculum.tsx,Page-local,full for clinical_supervisor,In-memory only,None,None,,Static curriculum data,Medium,Build configurable curriculum library with session linking
F,Peer support session documentation,Medium,Yes,1.5,Demo,PeerSupport,PeerSupport.tsx,Page-local,full for bht,In-memory only,None,None,,Not persisted,Medium,Persist peer support sessions with goal tracking
F,Alumni engagement tracking,Medium,Yes,1.5,Demo,AlumniProgram,AlumniProgram.tsx,Page-local,full for aftercare_staff,In-memory only,None,None,,Not persisted,Medium,Persist alumni engagement with event management
F,Aftercare planning and referral,High,Yes,2,Demo,AftercarePlanning,AftercarePlanning.tsx,mockPatients.ts,full for aftercare_staff,In-memory only,None,None,,Not persisted,High,Persist aftercare plans with referral provider directory
F,Sober living referral tracking,Medium,Yes,1,Demo,AftercarePlanning,AftercarePlanning.tsx,Page-local,full for aftercare_staff,In-memory only,None,None,,No provider directory integration,Medium,Build Maryland sober living provider directory integration
F,Step-down program coordination,High,Yes,1.5,Demo,AftercarePlanning,AftercarePlanning.tsx,mockPatients.ts,full for aftercare_staff,In-memory only,None,None,,No real coordination workflow,Medium,Implement step-down eligibility and referral workflow
F,Patient engagement score tracking,High,Yes,2,Demo,RecoveryEngagementScore,RecoveryEngagementScore.tsx,mockPatients.ts,full for clinical_supervisor,In-memory only,None,None,,RES not clinically validated,Medium,Validate RES methodology; persist scores
F,Family education documentation,Medium,Yes,1,Demo,FamilyEngagement,FamilyEngagement.tsx,mockPatients.ts,full for certified_clinician,In-memory only,None,None,,Not persisted,Low,Add family education session documentation
G,Concurrent review documentation,Critical,Yes,2,Demo,InsuranceAuthorization,InsuranceAuthorization.tsx,Page-local,full for billing_staff,In-memory only,None,None,,Not persisted,Critical,Persist concurrent review records with approved day limits
G,Prior authorization request (278),Critical,Yes (UI),1,Demo,InsuranceAuthorization,InsuranceAuthorization.tsx,None,full for billing_staff,None,None,None,,No payer API,Critical,Integrate electronic 278 PA submission
G,Authorization days remaining alert,High,Yes,2,Demo,InsuranceAuthorization,InsuranceAuthorization.tsx,Page-local,full for billing_staff,In-memory only,None,None,,No real payer data,High,Alert based on real payer-confirmed remaining days
G,Authorization denial management,High,Yes,1.5,Demo,InsuranceAuthorization,InsuranceAuthorization.tsx,Page-local,full for billing_staff,In-memory only,None,None,,Denial workflow is UI-only,High,Build denial queue with appeal workflow and deadline tracking
G,Level-of-care justification documentation,Critical,Yes,2,Demo,"ProgressNotes, InsuranceAuthorization","ProgressNotes.tsx, InsuranceAuthorization.tsx",mockPatients.ts,full for certified_clinician,In-memory only,Unit tests (96),None,,Medical necessity engine is rule-based; not persisted,Critical,Persist medical necessity justification linked to authorization
G,ASAM criteria mapping to LOC,High,Yes,2,Demo,ASAMAssessments,ASAMAssessments.tsx,Page-local,full for clinical_supervisor,In-memory only,None,None,,Mapping is UI-only,High,Implement criteria-based LOC recommendation from ASAM scores
G,Utilization review queue,High,Yes,1.5,Demo,InsuranceAuthorization,InsuranceAuthorization.tsx,Page-local,full for billing_staff,In-memory only,None,None,,Not a real UR queue,High,Build UR queue with payer-required documentation checklist
G,Payer-specific documentation requirements,High,No,0,Missing,InsuranceAuthorization,,None,,,None,None,,Feature absent,High,Add configurable payer documentation requirement templates
G,Case rate vs. per-diem tracking,Medium,Yes,1,Demo,RevenueCycle,RevenueCycle.tsx,Page-local,full for billing_staff,None,None,None,,Mock financial data,Medium,Track contract type against authorization and census
G,UR denial rate analytics,Medium,Yes,1,Demo,RevenueCycle,RevenueCycle.tsx,Page-local,full for billing_staff,None,None,None,,Mock data,Medium,Compute real denial rates from claims data
G,Peer-to-peer review request documentation,Medium,No,0,Missing,InsuranceAuthorization,,None,,,None,None,,Feature absent,Medium,Add peer-to-peer review request tracking and deadline management
G,Expedited appeal tracking,High,No,0,Missing,InsuranceAuthorization,,None,,,None,None,,Feature absent,High,Add expedited and standard appeal workflow with 72-hour tracking
H,Charge capture,Critical,No,0,Missing,RevenueCycle,,None,,,None,None,,Feature absent,Critical,Implement encounter-based charge capture linked to CPT codes
H,Professional claim generation (CMS-1500 / 837P),Critical,No,0,Missing,RevenueCycle,,None,,,None,None,,Feature absent,Critical,Generate HIPAA-compliant 837P from encounter data
H,Institutional claim generation (UB-04 / 837I),Critical,No,0,Missing,RevenueCycle,,None,,,None,None,,Feature absent,Critical,Generate 837I for residential/inpatient levels of care
H,Clearinghouse submission,Critical,No,0,Missing,RevenueCycle,,None,,,None,None,,Feature absent,Critical,Integrate clearinghouse (Change Healthcare/Availity) for claim submission
H,Claim status tracking (277),High,No,0,Missing,RevenueCycle,,None,,,None,None,,Feature absent,High,Process 277 claim status responses from clearinghouse
H,Claim acknowledgement processing (999/TA1),High,No,0,Missing,RevenueCycle,,None,,,None,None,,Feature absent,High,Process 999 and TA1 acknowledgements from clearinghouse
H,ERA remittance posting (835),Critical,No,0,Missing,RevenueCycle,,None,,,None,None,,Feature absent,Critical,Process 835 ERA and post payments to claim lines
H,Denial management queue,High,Yes,1.5,Demo,RevenueCycle,RevenueCycle.tsx,Page-local,full for billing_staff,In-memory only,None,None,,UI only; no real claim data,High,Build denial queue with reason code analysis and appeal workflow
H,Accounts receivable tracking,High,Yes,1.5,Demo,RevenueCycle,RevenueCycle.tsx,Page-local,full for billing_staff,None,None,None,,All mock AR data,High,Compute AR from real claim submission and payment data
H,Revenue cycle analytics dashboard,High,Yes,1.5,Demo,RevenueCycle,RevenueCycle.tsx,Page-local,full for billing_staff,None,None,None,,Mock data,High,Feed dashboard with real claims and payment data
H,Patient financial responsibility counseling,High,Yes,1.5,Demo,FinancialCounseling,FinancialCounseling.tsx,Page-local,full for billing_staff,In-memory only,None,None,,Not persisted,High,Persist financial agreements and payment plans
H,Sliding-scale fee assessment,Medium,Yes,1,Demo,FinancialCounseling,FinancialCounseling.tsx,Page-local,full for billing_staff,None,None,None,,Assessment is UI-only,Medium,Implement sliding-scale fee calculation with income verification
H,Patient statement generation,High,No,0,Missing,RevenueCycle,,None,,,None,None,,Feature absent,High,Generate patient statements with payment portal link
H,Online patient payment,Medium,No,0,Missing,RevenueCycle,,None,,,None,None,,Feature absent,Medium,Integrate payment processor (Stripe or InstaMed) for patient payments
H,Medicaid billing rules,Critical,No,0,Missing,RevenueCycle,,None,,,None,None,,Feature absent,Critical,Implement Maryland Medicaid billing rules and encounter submission
H,Medicare billing rules,High,No,0,Missing,RevenueCycle,,None,,,None,None,,Feature absent,High,Implement Medicare Part B billing for outpatient services
H,Commercial payer contract management,Medium,No,0,Missing,RevenueCycle,,None,,,None,None,,Feature absent,Medium,Add payer contract rate configuration with auto-adjustment
H,Authorization-to-claim linkage,Critical,No,0,Missing,"InsuranceAuthorization, RevenueCycle",,None,,,None,None,,Feature absent,Critical,Link authorization records to claim lines for PA validation
H,Diagnosis code lookup (ICD-10-CM),Critical,No,0,Missing,Admissions,,None,,,None,None,,No ICD-10 lookup,Critical,Integrate ICD-10-CM code search at admission and documentation
H,Procedure code lookup (CPT/HCPCS),Critical,No,0,Missing,RevenueCycle,,None,,,None,None,,No CPT lookup,Critical,Integrate CPT/HCPCS code search at charge entry
H,Billing staff productivity reporting,Medium,Yes,1,Demo,RevenueCycle,RevenueCycle.tsx,Page-local,full for billing_staff,None,None,None,,Mock data only,Medium,Track billing staff productivity from real claim data
H,Bad debt write-off management,Low,No,0,Missing,RevenueCycle,,None,,,None,None,,Feature absent,Low,Add write-off workflow with approval and audit trail
H,Collection agency referral tracking,Low,No,0,Missing,RevenueCycle,,None,,,None,None,,Feature absent,Low,Add collection referral workflow with balance threshold rules
I,Workforce compliance dashboard,High,Yes,3,Demo/Partial,WorkforceCompliance,WorkforceCompliance.tsx (4300 lines),"mockCompliance.ts, localStorage",full for director_of_operations,localStorage,None,None,,localStorage persistence only,High,Migrate compliance state to database
I,CARF standards tracking,High,Yes,3,Demo/Partial,WorkforceCompliance,WorkforceCompliance.tsx,localStorage,full for director_of_operations,localStorage,None,None,,UI and localStorage; no real survey workflow,High,Add CARF survey submission workflow
I,Joint Commission standards tracking,High,Yes,3,Demo/Partial,WorkforceCompliance,WorkforceCompliance.tsx,localStorage,full for director_of_operations,localStorage,None,None,,UI and localStorage only,High,Add Joint Commission survey submission workflow
I,Maryland state licensing compliance,High,Yes,2.5,Demo/Partial,WorkforceCompliance,WorkforceCompliance.tsx,localStorage,full for director_of_operations,localStorage,None,None,,MD-specific but no OHCQ integration,High,Integrate with Maryland OHCQ reporting requirements
I,Corrective action plan management,High,Yes,2.5,Demo/Partial,WorkforceCompliance,WorkforceCompliance.tsx,localStorage,full for director_of_operations,localStorage,None,None,,Plans in localStorage; no document upload backend,High,Persist CAPs in database with evidence attachment
I,Staff certification and license tracking,High,Yes,2,Demo,CertificationTracker,CertificationTracker.tsx,mockStaff.ts,full for human_resources,In-memory only,None,None,,Not persisted; no verification integration,High,Persist certifications with expiration alerts and renewal workflow
I,License expiration alerts,High,Yes,2,Demo,CertificationTracker,CertificationTracker.tsx,mockStaff.ts,full for human_resources,In-memory only,None,None,,Not persisted,High,Send alerts 90/60/30 days before license expiration
I,OIG/SAM exclusion screening,Critical,No,0,Missing,StaffAdmin,,None,,,None,None,,Feature absent,Critical,Integrate monthly OIG/SAM exclusion check for all staff
I,Staff scheduling and shift management,High,Yes,2,Demo,StaffScheduling,StaffScheduling.tsx,mockStaff.ts,full for director_of_operations,In-memory only,None,None,,Not persisted,High,Persist shift schedule with conflict detection backend
I,PTO request and approval workflow,High,Yes,2,Demo,StaffScheduling,StaffScheduling.tsx,mockStaff.ts,full for human_resources,In-memory only,None,None,,Not persisted,High,Persist PTO records with approval chain
I,Overtime tracking and alerts,Medium,No,0,Missing,StaffScheduling,,None,,,None,None,,Feature absent,Medium,Add overtime tracking with alert at threshold
I,Clinical supervision session documentation,High,Yes,2,Demo,ClinicalSupervision,ClinicalSupervision.tsx,mockStaff.ts,full for clinical_supervisor,In-memory only,None,None,,Not persisted,High,Persist supervision records with hour tracking for licensure
I,Supervisee hour tracking for licensure,High,Yes,1.5,Demo,ClinicalSupervision,ClinicalSupervision.tsx,mockStaff.ts,full for clinical_supervisor,In-memory only,None,None,,Not connected to licensure requirements,High,Track supervised hours against state licensure requirements
I,Training and CEU tracking,High,Yes,1.5,Demo,Training,Training.tsx,Page-local,full for all,In-memory only,None,None,,No LMS integration,Medium,Integrate LMS (Relias) for training completion tracking
I,Staff performance management,Medium,No,0,Missing,StaffAdmin,,None,,,None,None,,Feature absent,Medium,Add performance review workflow with documentation
I,Incident reporting and investigation,High,Yes,2,Demo,IncidentReporting,IncidentReporting.tsx,Page-local,full for clinical_supervisor,In-memory only,None,None,,Not persisted,High,Persist incident reports with investigation workflow
I,OSHA incident tracking,High,No,0,Missing,IncidentReporting,,None,,,None,None,,Feature absent,High,Add OSHA 300/301 incident classification and reporting
I,Patient grievance tracking,Medium,No,0,Missing,,,None,,,None,None,,Feature absent,Medium,Add patient grievance and resolution workflow
I,Regulatory survey management,High,Yes,2,Demo,AuditCompliance,AuditCompliance.tsx,mockCompliance.ts,full for director_of_operations,In-memory only,None,None,,Not persisted,High,Build survey-readiness workflow with real document management
I,Quality improvement program management,High,Yes,2,Demo,QualityImprovement,QualityImprovement.tsx,Page-local,full for director_of_operations,In-memory only,None,None,,Not persisted,Medium,Persist QI metrics and PDSA cycles
I,Background check integration,Medium,No,0,Missing,StaffAdmin,,None,,,None,None,,Feature absent,Medium,Integrate Checkr or Sterling for automated background screening
I,Contract staff credentialing,Medium,No,0,Missing,CertificationTracker,,None,,,None,None,,Feature absent,Medium,Add contractor credentialing workflow
J,Clinical outcomes dashboard,High,Yes,2,Demo,Outcomes,Outcomes.tsx,Page-local mock,full for director_of_operations,None,None,None,,All mock data,High,Feed dashboard with real clinical measure data
J,Program-level outcome benchmarking,High,Yes,2,Demo,OutcomeTracking,OutcomeTracking.tsx,Page-local mock,full for director_of_operations,None,None,None,,Mock data,High,Connect outcome tracking to real patient assessment results
J,Recovery Engagement Score (RES),Medium,Yes,2,Demo,RecoveryEngagementScore,RecoveryEngagementScore.tsx,mockPatients.ts,full for clinical_supervisor,None,None,None,,RES methodology not clinically validated,Medium,Validate RES; get clinical review and publication
J,Readmission rate tracking,High,Yes,1,Demo,Outcomes,Outcomes.tsx,Page-local mock,full for director_of_operations,None,None,None,,Mock data,High,Compute readmission rates from real discharge and readmission events
J,Treatment completion rate,High,Yes,1.5,Demo,Outcomes,Outcomes.tsx,Page-local mock,full for director_of_operations,None,None,None,,Mock data,High,Compute completion rate from real admission/discharge data
J,Substance use outcome tracking,High,Yes,1.5,Demo,OutcomeTracking,OutcomeTracking.tsx,Page-local mock,full for clinical_supervisor,None,None,None,,Mock data,High,Track abstinence and substance use measures from instrument scores
J,Mental health outcome tracking (PHQ-9/GAD-7 trends),High,Yes,1.5,Demo,MeasurementBasedCare,MeasurementBasedCare.tsx,Page-local,full for certified_clinician,In-memory only,None,None,,Not persisted,High,Persist instrument scores and compute trend analytics
J,Patient satisfaction surveys,Medium,No,0,Missing,,,None,,,None,None,,Feature absent,Medium,Add patient satisfaction collection and analytics
J,Population analytics dashboard,High,Yes,2,Demo,PopulationAnalytics,PopulationAnalytics.tsx,Page-local mock,full for director_of_operations,None,None,None,,All mock data,High,Feed population dashboard with real patient and clinical data
J,Quality measure reporting (HEDIS/BHQR),High,No,0,Missing,QualityImprovement,,None,,,None,None,,Feature absent,High,Implement HEDIS and BHQR measure calculation engine
J,State regulatory reporting (SPA/Block Grant),Critical,No,0,Missing,,,None,,,None,None,,Feature absent,Critical,Build Maryland ADAA block grant report generation
J,Clinical intelligence dashboard,High,Yes,2,Demo,ClinicalIntelligence,ClinicalIntelligence.tsx,Page-local mock,full for cmo,None,None,None,,All mock data,High,Feed clinical intelligence from real patient data
J,Risk stratification,High,Yes,1.5,Demo,RiskDashboard,RiskDashboard.tsx,mockPatients.ts,full for clinical_supervisor,None,None,None,,Mock risk scores,High,Implement validated risk algorithm with real patient data
J,Predictive readmission risk,Medium,Yes,1,Demo,ClinicalIntelligence,ClinicalIntelligence.tsx,Page-local mock,full for cmo,None,None,None,,UI placeholder only,Medium,Build predictive model from real outcomes data
J,Operational dashboard (staffing/census/financials),High,Yes,2,Demo,Dashboard,Dashboard.tsx,mockPatients.ts,full for director_of_operations,None,None,None,,All mock data,High,Feed operational dashboard from real census and financial data
J,Custom report builder,Medium,No,0,Missing,,,None,,,None,None,,Feature absent,Medium,Add configurable report builder with export
K,AI-assisted progress note drafting,High,Yes,3.5,Demo/Partial,ProgressNotes,"ProgressNotes.tsx, aiNoteEngine.ts",mockPatients.ts,full for certified_clinician (canUseAIAssist),In-memory AI audit events,Unit tests (96),None,,No real LLM; rule-based only; no persistence,High,Persist AI draft events; add model governance
K,Section-aware improve clarity,High,Yes,3.5,Demo/Partial,ProgressNotes,"ProgressNotes.tsx, clarityConfig.ts",None (local rule engine),full for certified_clinician (canUseAIAssist),In-memory AI audit events,Unit tests (96 — extensive clarity coverage),None,,No persistence,Medium,Persist clarity audit events
K,Medical necessity documentation check,High,Yes,3.5,Demo/Partial,ProgressNotes,"ProgressNotes.tsx, medicalNecessityConfig.ts",mockPatients.ts,full for certified_clinician (canUseAIAssist),In-memory AI audit events,Unit tests (28),None,,No persistence,Medium,Persist necessity check results with finding IDs
K,Internal consistency check,High,Yes,3,Demo/Partial,ProgressNotes,ProgressNoteAIAssist.tsx,None,full for certified_clinician,In-memory only,None,None,,No unit tests for consistency engine,Medium,Add unit tests and persist consistency findings
K,Completeness scoring,High,Yes,3,Demo/Partial,ProgressNotes,ProgressNoteAIAssist.tsx,mockPatients.ts,full for certified_clinician,In-memory only,None,None,,No persistence,Medium,Persist completeness scores
K,AI Clinical Documentation Review pipeline (5-step),High,Yes,3.5,Demo/Partial,ProgressNotes,ProgressNoteAIAssist.tsx,"clarityConfig.ts, medicalNecessityConfig.ts",full for certified_clinician,In-memory AI audit events,Unit tests (96),None,,No persistence,High,Persist pipeline results with finding IDs
K,Per-field jump navigation from AI findings,High,Yes,3.5,Demo/Partial,ProgressNotes,ProgressNoteAIAssist.tsx,None,full for certified_clinician,In-memory only,None,None,,Navigation to target field confirmed working,Low,Minor — document navigation contracts in developer guide
K,Stale detection for clarity revisions,High,Yes,4,Demo/Partial,ProgressNotes,"ProgressNoteAIAssist.tsx, clarityConfig.ts",None,full for certified_clinician,In-memory only,Unit tests (extensive),None,,Best-tested feature; no persistence,Low,Add persistence as part of AI audit backend
K,AI audit trail (in-memory),High,Yes,2.5,Demo/Partial,ProgressNotes,ProgressNotes.tsx,None,full for certified_clinician,In-memory only,None,None,,AI audit log resets on refresh,Critical,Persist AI audit events to append-only store
K,Wet signature capture,High,Yes,2.5,Demo/Partial,ProgressNotes,"SignatureModal.tsx, WetSignatureCanvas.tsx",None,full for certified_clinician,In-memory only,None,None,,Signature image not persisted,High,Store signed note with signature image hash in database
K,AI safety guardrails (no auto-insert/no auto-sign),Critical,Yes,4,Demo/Partial,ProgressNotes,ProgressNoteAIAssist.tsx,None,full for certified_clinician,None,None,None,,All inserts require explicit confirmation; no auto-sign confirmed,Low,Maintain; document as governance control
K,AI clinical disclaimer,High,Yes,4,Demo/Partial,ProgressNotes,ProgressNoteAIAssist.tsx,None,full for certified_clinician,None,None,None,,Disclaimer text confirmed in source,Low,Maintain; add to governance documentation
K,Session recording for AI transcription,Medium,Yes,1,Demo,ProgressNotes,SessionRecorderModal.tsx,None,full for certified_clinician,None,None,None,,Simulated; no real transcription,Medium,Integrate real audio transcription with PHI handling compliance review
K,Standalone AI assistant,Low,Yes,1,Demo,AIAssistant,AIAssistant.tsx,None,full for clinical_supervisor,None,None,None,,UI placeholder; no real AI,Low,Connect to governed AI backend when ready
K,Predictive analytics for clinical outcomes,Low,Yes,1,Demo,ClinicalIntelligence,ClinicalIntelligence.tsx,Page-local mock,full for cmo,None,None,None,,Mock predictions only,Low,Productize prediction models from real outcomes data
K,Drug interaction decision support,Critical,No,0,Missing,PhysicianOrders,,None,,,None,None,,Feature absent; no drug database,Critical,Integrate drug database for interaction checking
L,Role-based access control (UI),Critical,Yes,3,Demo/Partial,All screens,mockRoles.ts,None,All roles,None,None,None,,UI-only enforcement,Critical,Implement server-side RBAC with JWT/session claims
L,Role-based access control (server-side),Critical,No,0,Missing,All screens,,None,,,None,None,,Feature absent,Critical,Build middleware-enforced authorization on all API routes
L,17 configurable roles,High,Yes,3,Demo/Partial,RoleExplorer,"mockRoles.ts, App.tsx",None,All roles,None,None,None,,Role definitions exist; no admin backend to edit them,Medium,Add role management UI backed by database
L,Permission admin UI,High,No,0,Missing,StaffAdmin,,None,,,None,None,,Feature absent,High,Build permission management UI with audit trail
L,Staff account management,High,Yes,1.5,Demo,StaffAdmin,StaffAdmin.tsx,mockStaff.ts,full for human_resources,In-memory only,None,None,,No real IAM,High,Build staff account management with real identity provider
L,User provisioning and deprovisioning,Critical,No,0,Missing,StaffAdmin,,None,,,None,None,,Feature absent,Critical,Implement SCIM provisioning with immediate deactivation
L,SSO (SAML / OIDC),Critical,No,0,Missing,LoginPage,,None,,,None,None,,Feature absent,Critical,Integrate SSO with enterprise identity providers
L,MFA,Critical,No,0,Missing,LoginPage,,None,,,None,None,,Feature absent,Critical,Implement mandatory MFA with backup codes
L,Session management,Critical,No,0,Missing,LoginPage,,None,,,None,None,,Feature absent,Critical,Add server sessions with idle timeout and revocation
L,Audit logging — clinical actions,Critical,No,0,Missing,All clinical screens,,None,,,None,None,,Feature absent (AI events exist but are in-memory),Critical,Persist all clinical action audit events to append-only store
L,Audit logging — administrative actions,Critical,No,0,Missing,StaffAdmin,,None,,,None,None,,Feature absent,Critical,Log all admin actions (access grant/revoke/delete)
L,Audit log search and export,High,No,0,Missing,,,None,,,None,None,,Feature absent,High,Build audit search and export for compliance officers
L,Tamper-evident audit log,Critical,No,0,Missing,,,None,,,None,None,,Feature absent,Critical,Implement hash-chain or WORM-backed audit store
L,HIPAA technical safeguards,Critical,No,0,Missing,All,,None,,,None,None,,Not implemented,Critical,Complete all HIPAA technical safeguard requirements
L,42 CFR Part 2 access controls,Critical,Yes (UI),1,Demo,MedicalRecords,MedicalRecords.tsx,Page-local,full for admin_staff,None,None,None,,UI flags only; no backend enforcement,Critical,Implement backend consent segmentation for SUD records
L,Encryption in transit (HTTPS/TLS),Critical,Unknown,1,Unknown,All,,None,,,None,None,None,,Cannot confirm from codebase,Critical,Enforce TLS at production hosting layer; document evidence
L,Encryption at rest,Critical,No,0,Missing,All,,None,,,None,None,,Feature absent (no database),Critical,Enable database encryption at rest with documented key management
L,PHI data minimization,High,No,0,Missing,All,,None,,,None,None,,Feature absent,High,Implement field-level visibility rules based on role and need
L,FHIR R4 patient resource,High,No,0,Missing,,,None,,,None,None,,Feature absent,High,Implement FHIR R4 Patient resource endpoint
L,FHIR R4 clinical note (DocumentReference),High,No,0,Missing,,,None,,,None,None,,Feature absent,High,Implement FHIR DocumentReference for progress notes
L,FHIR R4 medication (MedicationRequest),High,No,0,Missing,,,None,,,None,None,,Feature absent,High,Implement FHIR MedicationRequest resource
L,HL7 v2 ADT feed,High,No,0,Missing,,,None,,,None,None,,Feature absent,High,Implement HL7 ADT feed for census events
L,Direct messaging (DIRECT protocol),Medium,No,0,Missing,,,None,,,None,None,,Feature absent,Medium,Implement DIRECT message send/receive for care coordination
L,API rate limiting,Critical,No,0,Missing,,,None,,,None,None,,Feature absent,Critical,Implement rate limiting on all API endpoints
L,API authentication (JWT/OAuth2),Critical,No,0,Missing,,,None,,,None,None,,Feature absent,Critical,Implement OAuth2/JWT token authentication for all API routes
L,Multi-tenant data isolation,Critical,No,0,Missing,All,,None,,,None,None,,Single-org demo only,Critical,Implement tenant model with row-level security
L,Database backup and recovery,Critical,No,0,Missing,,,None,,,None,None,,No database exists,Critical,Configure encrypted backups with tested restore procedures
L,Disaster recovery plan,Critical,No,0,Missing,,,None,,,None,None,,Feature absent,Critical,Define RTO/RPO and implement DR infrastructure
L,CI/CD pipeline,High,No,0,Missing,,,None,,,None,None,,No CI config found,High,Configure CI/CD with automated build/test/deploy
L,Automated testing in CI,High,No,0,Missing,,,None,,,None,None,,No CI testing configured,High,Add unit/integration/e2e tests to CI pipeline
L,Dependency vulnerability scanning,High,No,0,Missing,,,None,,,None,None,,pnpm audit not in CI,High,Add pnpm audit and SAST to CI pipeline
L,Error monitoring (Sentry/Datadog),High,No,0,Missing,,,None,,,None,None,,Feature absent,High,Integrate error tracking for frontend and backend
L,Performance monitoring,Medium,No,0,Missing,,,None,,,None,None,,Feature absent,Medium,Integrate APM (Datadog/New Relic) for production monitoring
L,Bundle size optimization,Medium,No,0,Missing,,,None,,,None,None,,4.8 MB bundle with chunk warning,Medium,Implement route-based code splitting to reduce initial bundle
L,Uptime monitoring and alerting,High,No,0,Missing,,,None,,,None,None,,Feature absent,High,Configure uptime monitoring with PagerDuty alerting
L,BAA with hosting provider,Critical,No,0,Missing,,,None,,,None,None,,Cannot confirm from codebase,Critical,Execute BAA with all technology vendors handling PHI
L,Penetration testing,Critical,No,0,Missing,,,None,,,None,None,,No evidence found,Critical,Schedule annual penetration test with clinical application scope
L,HIPAA risk analysis documentation,Critical,No,0,Missing,,,None,,,None,None,,No documentation found,Critical,Conduct and document formal HIPAA risk analysis before launch
